name,ipv4-address,groups,color,tags
h_167.99.88.151_CVE-2021-44228,167.99.88.151,groupname,red,CVE-2021-44228_Log4J
h_167.99.44.32_CVE-2021-44228,167.99.44.32,groupname,red,CVE-2021-44228_Log4J
h_167.99.36.245_CVE-2021-44228,167.99.36.245,groupname,red,CVE-2021-44228_Log4J
h_167.71.4.81_CVE-2021-44228,167.71.4.81,groupname,red,CVE-2021-44228_Log4J
h_167.71.1.144_CVE-2021-44228,167.71.1.144,groupname,red,CVE-2021-44228_Log4J
h_165.232.84.228_CVE-2021-44228,165.232.84.228,groupname,red,CVE-2021-44228_Log4J
h_165.232.84.226_CVE-2021-44228,165.232.84.226,groupname,red,CVE-2021-44228_Log4J
h_165.232.80.166_CVE-2021-44228,165.232.80.166,groupname,red,CVE-2021-44228_Log4J
h_165.232.80.22_CVE-2021-44228,165.232.80.22,groupname,red,CVE-2021-44228_Log4J
h_165.227.239.108_CVE-2021-44228,165.227.239.108,groupname,red,CVE-2021-44228_Log4J
h_165.227.37.189_CVE-2021-44228,165.227.37.189,groupname,red,CVE-2021-44228_Log4J
h_165.227.32.109_CVE-2021-44228,165.227.32.109,groupname,red,CVE-2021-44228_Log4J
h_165.22.213.246_CVE-2021-44228,165.22.213.246,groupname,red,CVE-2021-44228_Log4J
h_165.22.201.45_CVE-2021-44228,165.22.201.45,groupname,red,CVE-2021-44228_Log4J
h_164.92.254.33_CVE-2021-44228,164.92.254.33,groupname,red,CVE-2021-44228_Log4J
h_164.52.53.163_CVE-2021-44228,164.52.53.163,groupname,red,CVE-2021-44228_Log4J
h_161.35.156.13_CVE-2021-44228,161.35.156.13,groupname,red,CVE-2021-44228_Log4J
h_161.35.155.230_CVE-2021-44228,161.35.155.230,groupname,red,CVE-2021-44228_Log4J
h_160.238.38.212_CVE-2021-44228,160.238.38.212,groupname,red,CVE-2021-44228_Log4J
h_160.238.38.207_CVE-2021-44228,160.238.38.207,groupname,red,CVE-2021-44228_Log4J
h_160.238.38.196_CVE-2021-44228,160.238.38.196,groupname,red,CVE-2021-44228_Log4J
h_159.223.61.102_CVE-2021-44228,159.223.61.102,groupname,red,CVE-2021-44228_Log4J
h_159.223.42.182_CVE-2021-44228,159.223.42.182,groupname,red,CVE-2021-44228_Log4J
h_159.203.187.141_CVE-2021-44228,159.203.187.141,groupname,red,CVE-2021-44228_Log4J
h_159.203.58.73_CVE-2021-44228,159.203.58.73,groupname,red,CVE-2021-44228_Log4J
h_159.203.45.181_CVE-2021-44228,159.203.45.181,groupname,red,CVE-2021-44228_Log4J
h_159.89.154.185_CVE-2021-44228,159.89.154.185,groupname,red,CVE-2021-44228_Log4J
h_159.89.154.102_CVE-2021-44228,159.89.154.102,groupname,red,CVE-2021-44228_Log4J
h_159.89.154.77_CVE-2021-44228,159.89.154.77,groupname,red,CVE-2021-44228_Log4J
h_159.89.154.64_CVE-2021-44228,159.89.154.64,groupname,red,CVE-2021-44228_Log4J
h_159.89.150.150_CVE-2021-44228,159.89.150.150,groupname,red,CVE-2021-44228_Log4J
h_159.89.146.147_CVE-2021-44228,159.89.146.147,groupname,red,CVE-2021-44228_Log4J
h_159.89.133.216_CVE-2021-44228,159.89.133.216,groupname,red,CVE-2021-44228_Log4J
h_159.89.122.19_CVE-2021-44228,159.89.122.19,groupname,red,CVE-2021-44228_Log4J
h_159.89.115.238_CVE-2021-44228,159.89.115.238,groupname,red,CVE-2021-44228_Log4J
h_159.89.94.219_CVE-2021-44228,159.89.94.219,groupname,red,CVE-2021-44228_Log4J
h_159.89.85.91_CVE-2021-44228,159.89.85.91,groupname,red,CVE-2021-44228_Log4J
h_159.89.48.173_CVE-2021-44228,159.89.48.173,groupname,red,CVE-2021-44228_Log4J
h_159.65.59.77_CVE-2021-44228,159.65.59.77,groupname,red,CVE-2021-44228_Log4J
h_159.48.55.216_CVE-2021-44228,159.48.55.216,groupname,red,CVE-2021-44228_Log4J
h_157.245.129.50_CVE-2021-44228,157.245.129.50,groupname,red,CVE-2021-44228_Log4J
h_156.146.35.73_CVE-2021-44228,156.146.35.73,groupname,red,CVE-2021-44228_Log4J
h_154.65.28.250_CVE-2021-44228,154.65.28.250,groupname,red,CVE-2021-44228_Log4J
h_147.182.242.241_CVE-2021-44228,147.182.242.241,groupname,red,CVE-2021-44228_Log4J
h_147.182.242.144_CVE-2021-44228,147.182.242.144,groupname,red,CVE-2021-44228_Log4J
h_147.182.216.21_CVE-2021-44228,147.182.216.21,groupname,red,CVE-2021-44228_Log4J
h_147.182.187.229_CVE-2021-44228,147.182.187.229,groupname,red,CVE-2021-44228_Log4J
h_147.182.179.141_CVE-2021-44228,147.182.179.141,groupname,red,CVE-2021-44228_Log4J
h_147.135.6.221_CVE-2021-44228,147.135.6.221,groupname,red,CVE-2021-44228_Log4J
h_146.70.75.54_CVE-2021-44228,146.70.75.54,groupname,red,CVE-2021-44228_Log4J
h_146.70.75.53_CVE-2021-44228,146.70.75.53,groupname,red,CVE-2021-44228_Log4J
h_146.70.75.21_CVE-2021-44228,146.70.75.21,groupname,red,CVE-2021-44228_Log4J
h_146.59.45.142_CVE-2021-44228,146.59.45.142,groupname,red,CVE-2021-44228_Log4J
h_146.56.148.181_CVE-2021-44228,146.56.148.181,groupname,red,CVE-2021-44228_Log4J
h_144.48.37.78_CVE-2021-44228,144.48.37.78,groupname,red,CVE-2021-44228_Log4J
h_143.244.184.81_CVE-2021-44228,143.244.184.81,groupname,red,CVE-2021-44228_Log4J
h_143.198.183.66_CVE-2021-44228,143.198.183.66,groupname,red,CVE-2021-44228_Log4J
h_143.198.180.150_CVE-2021-44228,143.198.180.150,groupname,red,CVE-2021-44228_Log4J
h_143.110.221.219_CVE-2021-44228,143.110.221.219,groupname,red,CVE-2021-44228_Log4J
h_142.93.157.150_CVE-2021-44228,142.93.157.150,groupname,red,CVE-2021-44228_Log4J
h_139.59.224.7_CVE-2021-44228,139.59.224.7,groupname,red,CVE-2021-44228_Log4J
h_139.59.188.119_CVE-2021-44228,139.59.188.119,groupname,red,CVE-2021-44228_Log4J
h_139.59.182.104_CVE-2021-44228,139.59.182.104,groupname,red,CVE-2021-44228_Log4J
h_139.59.163.74_CVE-2021-44228,139.59.163.74,groupname,red,CVE-2021-44228_Log4J
h_139.59.108.31_CVE-2021-44228,139.59.108.31,groupname,red,CVE-2021-44228_Log4J
h_139.59.103.254_CVE-2021-44228,139.59.103.254,groupname,red,CVE-2021-44228_Log4J
h_139.59.101.242_CVE-2021-44228,139.59.101.242,groupname,red,CVE-2021-44228_Log4J
h_139.59.99.80_CVE-2021-44228,139.59.99.80,groupname,red,CVE-2021-44228_Log4J
h_139.59.97.205_CVE-2021-44228,139.59.97.205,groupname,red,CVE-2021-44228_Log4J
h_139.59.96.42_CVE-2021-44228,139.59.96.42,groupname,red,CVE-2021-44228_Log4J
h_139.28.219.109_CVE-2021-44228,139.28.219.109,groupname,red,CVE-2021-44228_Log4J
h_139.28.218.134_CVE-2021-44228,139.28.218.134,groupname,red,CVE-2021-44228_Log4J
h_139.28.218.133_CVE-2021-44228,139.28.218.133,groupname,red,CVE-2021-44228_Log4J
h_139.28.218.132_CVE-2021-44228,139.28.218.132,groupname,red,CVE-2021-44228_Log4J
h_138.199.21.10_CVE-2021-44228,138.199.21.10,groupname,red,CVE-2021-44228_Log4J
h_138.199.21.9_CVE-2021-44228,138.199.21.9,groupname,red,CVE-2021-44228_Log4J
h_138.197.216.230_CVE-2021-44228,138.197.216.230,groupname,red,CVE-2021-44228_Log4J
h_138.197.193.220_CVE-2021-44228,138.197.193.220,groupname,red,CVE-2021-44228_Log4J
h_138.197.167.229_CVE-2021-44228,138.197.167.229,groupname,red,CVE-2021-44228_Log4J
h_138.197.108.154_CVE-2021-44228,138.197.108.154,groupname,red,CVE-2021-44228_Log4J
h_138.197.106.234_CVE-2021-44228,138.197.106.234,groupname,red,CVE-2021-44228_Log4J
h_138.197.72.76_CVE-2021-44228,138.197.72.76,groupname,red,CVE-2021-44228_Log4J
h_138.197.9.239_CVE-2021-44228,138.197.9.239,groupname,red,CVE-2021-44228_Log4J
h_138.68.250.214_CVE-2021-44228,138.68.250.214,groupname,red,CVE-2021-44228_Log4J
h_138.68.155.222_CVE-2021-44228,138.68.155.222,groupname,red,CVE-2021-44228_Log4J
h_134.209.82.14_CVE-2021-44228,134.209.82.14,groupname,red,CVE-2021-44228_Log4J
h_134.209.24.42_CVE-2021-44228,134.209.24.42,groupname,red,CVE-2021-44228_Log4J
h_131.100.148.7_CVE-2021-44228,131.100.148.7,groupname,red,CVE-2021-44228_Log4J
h_128.199.222.221_CVE-2021-44228,128.199.222.221,groupname,red,CVE-2021-44228_Log4J
h_128.199.15.215_CVE-2021-44228,128.199.15.215,groupname,red,CVE-2021-44228_Log4J
h_128.31.0.13_CVE-2021-44228,128.31.0.13,groupname,red,CVE-2021-44228_Log4J
h_124.224.87.11_CVE-2021-44228,124.224.87.11,groupname,red,CVE-2021-44228_Log4J
h_123.60.215.208_CVE-2021-44228,123.60.215.208,groupname,red,CVE-2021-44228_Log4J
h_122.155.174.180_CVE-2021-44228,122.155.174.180,groupname,red,CVE-2021-44228_Log4J
h_121.36.213.142_CVE-2021-44228,121.36.213.142,groupname,red,CVE-2021-44228_Log4J
h_121.5.113.11_CVE-2021-44228,121.5.113.11,groupname,red,CVE-2021-44228_Log4J
h_120.211.140.116_CVE-2021-44228,120.211.140.116,groupname,red,CVE-2021-44228_Log4J
h_120.195.30.152_CVE-2021-44228,120.195.30.152,groupname,red,CVE-2021-44228_Log4J
h_117.192.11.154_CVE-2021-44228,117.192.11.154,groupname,red,CVE-2021-44228_Log4J
h_116.89.189.30_CVE-2021-44228,116.89.189.30,groupname,red,CVE-2021-44228_Log4J
h_116.89.189.19_CVE-2021-44228,116.89.189.19,groupname,red,CVE-2021-44228_Log4J
h_116.62.20.122_CVE-2021-44228,116.62.20.122,groupname,red,CVE-2021-44228_Log4J
h_115.151.229.39_CVE-2021-44228,115.151.229.39,groupname,red,CVE-2021-44228_Log4J
h_115.151.229.27_CVE-2021-44228,115.151.229.27,groupname,red,CVE-2021-44228_Log4J
h_115.151.229.16_CVE-2021-44228,115.151.229.16,groupname,red,CVE-2021-44228_Log4J
h_115.151.229.14_CVE-2021-44228,115.151.229.14,groupname,red,CVE-2021-44228_Log4J
h_115.151.228.146_CVE-2021-44228,115.151.228.146,groupname,red,CVE-2021-44228_Log4J
h_115.151.228.95_CVE-2021-44228,115.151.228.95,groupname,red,CVE-2021-44228_Log4J
h_115.151.228.92_CVE-2021-44228,115.151.228.92,groupname,red,CVE-2021-44228_Log4J
h_115.151.228.83_CVE-2021-44228,115.151.228.83,groupname,red,CVE-2021-44228_Log4J
h_115.151.228.64_CVE-2021-44228,115.151.228.64,groupname,red,CVE-2021-44228_Log4J
h_115.151.228.18_CVE-2021-44228,115.151.228.18,groupname,red,CVE-2021-44228_Log4J
h_114.112.161.155_CVE-2021-44228,114.112.161.155,groupname,red,CVE-2021-44228_Log4J
h_113.141.64.14_CVE-2021-44228,113.141.64.14,groupname,red,CVE-2021-44228_Log4J
h_113.98.224.68_CVE-2021-44228,113.98.224.68,groupname,red,CVE-2021-44228_Log4J
h_112.74.185.158_CVE-2021-44228,112.74.185.158,groupname,red,CVE-2021-44228_Log4J
h_112.74.34.48_CVE-2021-44228,112.74.34.48,groupname,red,CVE-2021-44228_Log4J
h_111.193.180.158_CVE-2021-44228,111.193.180.158,groupname,red,CVE-2021-44228_Log4J
h_111.28.189.51_CVE-2021-44228,111.28.189.51,groupname,red,CVE-2021-44228_Log4J
h_110.42.200.96_CVE-2021-44228,110.42.200.96,groupname,red,CVE-2021-44228_Log4J
h_109.70.150.139_CVE-2021-44228,109.70.150.139,groupname,red,CVE-2021-44228_Log4J
h_104.248.144.120_CVE-2021-44228,104.248.144.120,groupname,red,CVE-2021-44228_Log4J
h_104.200.138.39_CVE-2021-44228,104.200.138.39,groupname,red,CVE-2021-44228_Log4J
h_103.232.137.187_CVE-2021-44228,103.232.137.187,groupname,red,CVE-2021-44228_Log4J
h_103.107.198.109_CVE-2021-44228,103.107.198.109,groupname,red,CVE-2021-44228_Log4J
h_103.107.198.108_CVE-2021-44228,103.107.198.108,groupname,red,CVE-2021-44228_Log4J
h_103.4.30.79_CVE-2021-44228,103.4.30.79,groupname,red,CVE-2021-44228_Log4J
h_101.204.24.28_CVE-2021-44228,101.204.24.28,groupname,red,CVE-2021-44228_Log4J
h_101.71.38.231_CVE-2021-44228,101.71.38.231,groupname,red,CVE-2021-44228_Log4J
h_101.71.38.179_CVE-2021-44228,101.71.38.179,groupname,red,CVE-2021-44228_Log4J
h_101.71.37.219_CVE-2021-44228,101.71.37.219,groupname,red,CVE-2021-44228_Log4J
h_101.71.37.47_CVE-2021-44228,101.71.37.47,groupname,red,CVE-2021-44228_Log4J
h_92.223.89.187_CVE-2021-44228,92.223.89.187,groupname,red,CVE-2021-44228_Log4J
h_91.207.174.157_CVE-2021-44228,91.207.174.157,groupname,red,CVE-2021-44228_Log4J
h_91.207.173.119_CVE-2021-44228,91.207.173.119,groupname,red,CVE-2021-44228_Log4J
h_89.238.178.213_CVE-2021-44228,89.238.178.213,groupname,red,CVE-2021-44228_Log4J
h_89.187.161.35_CVE-2021-44228,89.187.161.35,groupname,red,CVE-2021-44228_Log4J
h_89.40.183.205_CVE-2021-44228,89.40.183.205,groupname,red,CVE-2021-44228_Log4J
h_89.38.69.136_CVE-2021-44228,89.38.69.136,groupname,red,CVE-2021-44228_Log4J
h_89.38.69.99_CVE-2021-44228,89.38.69.99,groupname,red,CVE-2021-44228_Log4J
h_86.109.208.194_CVE-2021-44228,86.109.208.194,groupname,red,CVE-2021-44228_Log4J
h_86.106.103.29_CVE-2021-44228,86.106.103.29,groupname,red,CVE-2021-44228_Log4J
h_84.17.42.118_CVE-2021-44228,84.17.42.118,groupname,red,CVE-2021-44228_Log4J
h_84.17.39.201_CVE-2021-44228,84.17.39.201,groupname,red,CVE-2021-44228_Log4J
h_82.102.31.170_CVE-2021-44228,82.102.31.170,groupname,red,CVE-2021-44228_Log4J
h_82.102.25.253_CVE-2021-44228,82.102.25.253,groupname,red,CVE-2021-44228_Log4J
h_78.110.164.45_CVE-2021-44228,78.110.164.45,groupname,red,CVE-2021-44228_Log4J
h_68.183.207.73_CVE-2021-44228,68.183.207.73,groupname,red,CVE-2021-44228_Log4J
h_68.183.198.36_CVE-2021-44228,68.183.198.36,groupname,red,CVE-2021-44228_Log4J
h_68.183.192.239_CVE-2021-44228,68.183.192.239,groupname,red,CVE-2021-44228_Log4J
h_68.183.41.150_CVE-2021-44228,68.183.41.150,groupname,red,CVE-2021-44228_Log4J
h_68.183.37.10_CVE-2021-44228,68.183.37.10,groupname,red,CVE-2021-44228_Log4J
h_68.183.36.244_CVE-2021-44228,68.183.36.244,groupname,red,CVE-2021-44228_Log4J
h_68.183.35.171_CVE-2021-44228,68.183.35.171,groupname,red,CVE-2021-44228_Log4J
h_68.183.33.144_CVE-2021-44228,68.183.33.144,groupname,red,CVE-2021-44228_Log4J
h_67.207.93.79_CVE-2021-44228,67.207.93.79,groupname,red,CVE-2021-44228_Log4J
h_67.205.170.85_CVE-2021-44228,67.205.170.85,groupname,red,CVE-2021-44228_Log4J
h_64.227.67.110_CVE-2021-44228,64.227.67.110,groupname,red,CVE-2021-44228_Log4J
h_61.178.32.114_CVE-2021-44228,61.178.32.114,groupname,red,CVE-2021-44228_Log4J
h_61.175.202.154_CVE-2021-44228,61.175.202.154,groupname,red,CVE-2021-44228_Log4J
h_58.100.164.147_CVE-2021-44228,58.100.164.147,groupname,red,CVE-2021-44228_Log4J
h_52.231.93.116_CVE-2021-44228,52.231.93.116,groupname,red,CVE-2021-44228_Log4J
h_49.234.81.169_CVE-2021-44228,49.234.81.169,groupname,red,CVE-2021-44228_Log4J
h_49.234.43.244_CVE-2021-44228,49.234.43.244,groupname,red,CVE-2021-44228_Log4J
h_49.7.224.217_CVE-2021-44228,49.7.224.217,groupname,red,CVE-2021-44228_Log4J
h_46.101.223.115_CVE-2021-44228,46.101.223.115,groupname,red,CVE-2021-44228_Log4J
h_45.248.77.142_CVE-2021-44228,45.248.77.142,groupname,red,CVE-2021-44228_Log4J
h_45.129.56.200_CVE-2021-44228,45.129.56.200,groupname,red,CVE-2021-44228_Log4J
h_45.64.75.134_CVE-2021-44228,45.64.75.134,groupname,red,CVE-2021-44228_Log4J
h_42.193.8.97_CVE-2021-44228,42.193.8.97,groupname,red,CVE-2021-44228_Log4J
h_42.192.69.45_CVE-2021-44228,42.192.69.45,groupname,red,CVE-2021-44228_Log4J
h_42.192.17.155_CVE-2021-44228,42.192.17.155,groupname,red,CVE-2021-44228_Log4J
h_42.98.70.127_CVE-2021-44228,42.98.70.127,groupname,red,CVE-2021-44228_Log4J
h_41.203.140.114_CVE-2021-44228,41.203.140.114,groupname,red,CVE-2021-44228_Log4J
h_39.102.236.51_CVE-2021-44228,39.102.236.51,groupname,red,CVE-2021-44228_Log4J
h_37.120.203.182_CVE-2021-44228,37.120.203.182,groupname,red,CVE-2021-44228_Log4J
h_37.120.199.196_CVE-2021-44228,37.120.199.196,groupname,red,CVE-2021-44228_Log4J
h_37.120.158.22_CVE-2021-44228,37.120.158.22,groupname,red,CVE-2021-44228_Log4J
h_221.228.87.37_CVE-2021-44228,221.228.87.37,groupname,red,CVE-2021-44228_Log4J
h_221.226.159.22_CVE-2021-44228,221.226.159.22,groupname,red,CVE-2021-44228_Log4J
h_218.89.222.71_CVE-2021-44228,218.89.222.71,groupname,red,CVE-2021-44228_Log4J
h_218.29.217.234_CVE-2021-44228,218.29.217.234,groupname,red,CVE-2021-44228_Log4J
h_217.146.83.229_CVE-2021-44228,217.146.83.229,groupname,red,CVE-2021-44228_Log4J
h_217.112.83.246_CVE-2021-44228,217.112.83.246,groupname,red,CVE-2021-44228_Log4J
h_213.203.177.219_CVE-2021-44228,213.203.177.219,groupname,red,CVE-2021-44228_Log4J
h_213.152.188.4_CVE-2021-44228,213.152.188.4,groupname,red,CVE-2021-44228_Log4J
h_212.192.216.30_CVE-2021-44228,212.192.216.30,groupname,red,CVE-2021-44228_Log4J
h_212.102.50.103_CVE-2021-44228,212.102.50.103,groupname,red,CVE-2021-44228_Log4J
h_212.102.50.89_CVE-2021-44228,212.102.50.89,groupname,red,CVE-2021-44228_Log4J
h_212.102.50.87_CVE-2021-44228,212.102.50.87,groupname,red,CVE-2021-44228_Log4J
h_211.218.126.140_CVE-2021-44228,211.218.126.140,groupname,red,CVE-2021-44228_Log4J
h_210.217.18.76_CVE-2021-44228,210.217.18.76,groupname,red,CVE-2021-44228_Log4J
h_209.141.58.146_CVE-2021-44228,209.141.58.146,groupname,red,CVE-2021-44228_Log4J
h_209.58.146.160_CVE-2021-44228,209.58.146.160,groupname,red,CVE-2021-44228_Log4J
h_203.27.106.165_CVE-2021-44228,203.27.106.165,groupname,red,CVE-2021-44228_Log4J
h_203.27.106.142_CVE-2021-44228,203.27.106.142,groupname,red,CVE-2021-44228_Log4J
h_199.249.230.119_CVE-2021-44228,199.249.230.119,groupname,red,CVE-2021-44228_Log4J
h_194.163.163.20_CVE-2021-44228,194.163.163.20,groupname,red,CVE-2021-44228_Log4J
h_194.110.84.93_CVE-2021-44228,194.110.84.93,groupname,red,CVE-2021-44228_Log4J
h_194.110.84.39_CVE-2021-44228,194.110.84.39,groupname,red,CVE-2021-44228_Log4J
h_193.32.210.182_CVE-2021-44228,193.32.210.182,groupname,red,CVE-2021-44228_Log4J
h_193.32.210.125_CVE-2021-44228,193.32.210.125,groupname,red,CVE-2021-44228_Log4J
h_191.101.132.152_CVE-2021-44228,191.101.132.152,groupname,red,CVE-2021-44228_Log4J
h_188.241.156.221_CVE-2021-44228,188.241.156.221,groupname,red,CVE-2021-44228_Log4J
h_188.166.225.104_CVE-2021-44228,188.166.225.104,groupname,red,CVE-2021-44228_Log4J
h_188.166.170.135_CVE-2021-44228,188.166.170.135,groupname,red,CVE-2021-44228_Log4J
h_188.166.105.150_CVE-2021-44228,188.166.105.150,groupname,red,CVE-2021-44228_Log4J
h_188.166.102.47_CVE-2021-44228,188.166.102.47,groupname,red,CVE-2021-44228_Log4J
h_188.166.86.206_CVE-2021-44228,188.166.86.206,groupname,red,CVE-2021-44228_Log4J
h_188.166.76.204_CVE-2021-44228,188.166.76.204,groupname,red,CVE-2021-44228_Log4J
h_188.166.45.93_CVE-2021-44228,188.166.45.93,groupname,red,CVE-2021-44228_Log4J
h_188.166.7.245_CVE-2021-44228,188.166.7.245,groupname,red,CVE-2021-44228_Log4J
h_185.245.87.245_CVE-2021-44228,185.245.87.245,groupname,red,CVE-2021-44228_Log4J
h_185.245.86.86_CVE-2021-44228,185.245.86.86,groupname,red,CVE-2021-44228_Log4J
h_185.245.86.84_CVE-2021-44228,185.245.86.84,groupname,red,CVE-2021-44228_Log4J
h_185.236.200.117_CVE-2021-44228,185.236.200.117,groupname,red,CVE-2021-44228_Log4J
h_185.220.101.146_CVE-2021-44228,185.220.101.146,groupname,red,CVE-2021-44228_Log4J
h_185.220.101.136_CVE-2021-44228,185.220.101.136,groupname,red,CVE-2021-44228_Log4J
h_185.218.127.47_CVE-2021-44228,185.218.127.47,groupname,red,CVE-2021-44228_Log4J
h_185.216.74.114_CVE-2021-44228,185.216.74.114,groupname,red,CVE-2021-44228_Log4J
h_185.202.220.109_CVE-2021-44228,185.202.220.109,groupname,red,CVE-2021-44228_Log4J
h_185.202.220.75_CVE-2021-44228,185.202.220.75,groupname,red,CVE-2021-44228_Log4J
h_185.199.100.233_CVE-2021-44228,185.199.100.233,groupname,red,CVE-2021-44228_Log4J
h_185.7.33.36_CVE-2021-44228,185.7.33.36,groupname,red,CVE-2021-44228_Log4J
h_182.253.160.196_CVE-2021-44228,182.253.160.196,groupname,red,CVE-2021-44228_Log4J
h_182.99.247.253_CVE-2021-44228,182.99.247.253,groupname,red,CVE-2021-44228_Log4J
h_182.99.247.188_CVE-2021-44228,182.99.247.188,groupname,red,CVE-2021-44228_Log4J
h_182.99.247.181_CVE-2021-44228,182.99.247.181,groupname,red,CVE-2021-44228_Log4J
h_182.99.247.145_CVE-2021-44228,182.99.247.145,groupname,red,CVE-2021-44228_Log4J
h_182.99.247.122_CVE-2021-44228,182.99.247.122,groupname,red,CVE-2021-44228_Log4J
h_182.99.247.75_CVE-2021-44228,182.99.247.75,groupname,red,CVE-2021-44228_Log4J
h_182.99.247.67_CVE-2021-44228,182.99.247.67,groupname,red,CVE-2021-44228_Log4J
h_182.99.246.199_CVE-2021-44228,182.99.246.199,groupname,red,CVE-2021-44228_Log4J
h_182.99.246.187_CVE-2021-44228,182.99.246.187,groupname,red,CVE-2021-44228_Log4J
h_182.99.246.183_CVE-2021-44228,182.99.246.183,groupname,red,CVE-2021-44228_Log4J
h_182.99.246.179_CVE-2021-44228,182.99.246.179,groupname,red,CVE-2021-44228_Log4J
h_182.99.246.172_CVE-2021-44228,182.99.246.172,groupname,red,CVE-2021-44228_Log4J
h_182.99.246.141_CVE-2021-44228,182.99.246.141,groupname,red,CVE-2021-44228_Log4J
h_182.99.246.106_CVE-2021-44228,182.99.246.106,groupname,red,CVE-2021-44228_Log4J
h_182.99.234.208_CVE-2021-44228,182.99.234.208,groupname,red,CVE-2021-44228_Log4J
h_180.149.231.245_CVE-2021-44228,180.149.231.245,groupname,red,CVE-2021-44228_Log4J
h_180.149.231.197_CVE-2021-44228,180.149.231.197,groupname,red,CVE-2021-44228_Log4J
h_180.149.231.196_CVE-2021-44228,180.149.231.196,groupname,red,CVE-2021-44228_Log4J
h_178.239.173.228_CVE-2021-44228,178.239.173.228,groupname,red,CVE-2021-44228_Log4J
h_178.239.167.180_CVE-2021-44228,178.239.167.180,groupname,red,CVE-2021-44228_Log4J
h_178.128.232.114_CVE-2021-44228,178.128.232.114,groupname,red,CVE-2021-44228_Log4J
h_178.128.226.212_CVE-2021-44228,178.128.226.212,groupname,red,CVE-2021-44228_Log4J
h_178.62.61.47_CVE-2021-44228,178.62.61.47,groupname,red,CVE-2021-44228_Log4J
h_178.62.32.211_CVE-2021-44228,178.62.32.211,groupname,red,CVE-2021-44228_Log4J
h_178.62.23.146_CVE-2021-44228,178.62.23.146,groupname,red,CVE-2021-44228_Log4J
h_177.185.117.129_CVE-2021-44228,177.185.117.129,groupname,red,CVE-2021-44228_Log4J
h_177.131.174.12_CVE-2021-44228,177.131.174.12,groupname,red,CVE-2021-44228_Log4J
h_174.138.6.128_CVE-2021-44228,174.138.6.128,groupname,red,CVE-2021-44228_Log4J
h_172.241.167.37_CVE-2021-44228,172.241.167.37,groupname,red,CVE-2021-44228_Log4J
h_172.107.194.186_CVE-2021-44228,172.107.194.186,groupname,red,CVE-2021-44228_Log4J
h_172.83.40.103_CVE-2021-44228,172.83.40.103,groupname,red,CVE-2021-44228_Log4J
h_171.221.235.43_CVE-2021-44228,171.221.235.43,groupname,red,CVE-2021-44228_Log4J
h_167.172.94.250_CVE-2021-44228,167.172.94.250,groupname,red,CVE-2021-44228_Log4J
h_167.99.251.87_CVE-2021-44228,167.99.251.87,groupname,red,CVE-2021-44228_Log4J
h_167.99.221.249_CVE-2021-44228,167.99.221.249,groupname,red,CVE-2021-44228_Log4J
h_167.99.221.217_CVE-2021-44228,167.99.221.217,groupname,red,CVE-2021-44228_Log4J
h_167.99.204.151_CVE-2021-44228,167.99.204.151,groupname,red,CVE-2021-44228_Log4J
h_167.99.186.227_CVE-2021-44228,167.99.186.227,groupname,red,CVE-2021-44228_Log4J
h_167.99.172.99_CVE-2021-44228,167.99.172.99,groupname,red,CVE-2021-44228_Log4J
h_37.120.158.20_CVE-2021-44228,37.120.158.20,groupname,red,CVE-2021-44228_Log4J
h_37.19.213.150_CVE-2021-44228,37.19.213.150,groupname,red,CVE-2021-44228_Log4J
h_37.19.212.88_CVE-2021-44228,37.19.212.88,groupname,red,CVE-2021-44228_Log4J
h_36.155.14.163_CVE-2021-44228,36.155.14.163,groupname,red,CVE-2021-44228_Log4J
h_31.6.19.41_CVE-2021-44228,31.6.19.41,groupname,red,CVE-2021-44228_Log4J
h_23.154.177.4_CVE-2021-44228,23.154.177.4,groupname,red,CVE-2021-44228_Log4J
h_23.129.64.144_CVE-2021-44228,23.129.64.144,groupname,red,CVE-2021-44228_Log4J
h_23.129.64.142_CVE-2021-44228,23.129.64.142,groupname,red,CVE-2021-44228_Log4J
h_23.129.64.138_CVE-2021-44228,23.129.64.138,groupname,red,CVE-2021-44228_Log4J
h_23.129.64.134_CVE-2021-44228,23.129.64.134,groupname,red,CVE-2021-44228_Log4J
h_23.129.64.133_CVE-2021-44228,23.129.64.133,groupname,red,CVE-2021-44228_Log4J
h_23.129.64.130_CVE-2021-44228,23.129.64.130,groupname,red,CVE-2021-44228_Log4J
h_23.108.92.140_CVE-2021-44228,23.108.92.140,groupname,red,CVE-2021-44228_Log4J
h_23.82.194.168_CVE-2021-44228,23.82.194.168,groupname,red,CVE-2021-44228_Log4J
h_23.82.194.167_CVE-2021-44228,23.82.194.167,groupname,red,CVE-2021-44228_Log4J
h_18.116.198.193_CVE-2021-44228,18.116.198.193,groupname,red,CVE-2021-44228_Log4J
h_5.181.235.45_CVE-2021-44228,5.181.235.45,groupname,red,CVE-2021-44228_Log4J
h_5.135.141.139_CVE-2021-44228,5.135.141.139,groupname,red,CVE-2021-44228_Log4J
h_209.127.17.234_CVE-2021-44228,209.127.17.234,groupname,red,CVE-2021-44228_Log4J
h_206.189.20.141_CVE-2021-44228,206.189.20.141,groupname,red,CVE-2021-44228_Log4J
h_205.185.117.149_CVE-2021-44228,205.185.117.149,groupname,red,CVE-2021-44228_Log4J
h_204.8.156.142_CVE-2021-44228,204.8.156.142,groupname,red,CVE-2021-44228_Log4J
h_199.195.250.77_CVE-2021-44228,199.195.250.77,groupname,red,CVE-2021-44228_Log4J
h_198.98.60.19_CVE-2021-44228,198.98.60.19,groupname,red,CVE-2021-44228_Log4J
h_198.98.51.189_CVE-2021-44228,198.98.51.189,groupname,red,CVE-2021-44228_Log4J
h_197.246.171.111_CVE-2021-44228,197.246.171.111,groupname,red,CVE-2021-44228_Log4J
h_197.246.171.83_CVE-2021-44228,197.246.171.83,groupname,red,CVE-2021-44228_Log4J
h_195.254.135.76_CVE-2021-44228,195.254.135.76,groupname,red,CVE-2021-44228_Log4J
h_195.251.41.139_CVE-2021-44228,195.251.41.139,groupname,red,CVE-2021-44228_Log4J
h_195.206.105.217_CVE-2021-44228,195.206.105.217,groupname,red,CVE-2021-44228_Log4J
h_195.176.3.24_CVE-2021-44228,195.176.3.24,groupname,red,CVE-2021-44228_Log4J
h_195.176.3.19_CVE-2021-44228,195.176.3.19,groupname,red,CVE-2021-44228_Log4J
h_195.123.247.209_CVE-2021-44228,195.123.247.209,groupname,red,CVE-2021-44228_Log4J
h_195.19.192.26_CVE-2021-44228,195.19.192.26,groupname,red,CVE-2021-44228_Log4J
h_194.135.33.152_CVE-2021-44228,194.135.33.152,groupname,red,CVE-2021-44228_Log4J
h_194.48.199.78_CVE-2021-44228,194.48.199.78,groupname,red,CVE-2021-44228_Log4J
h_193.218.118.231_CVE-2021-44228,193.218.118.231,groupname,red,CVE-2021-44228_Log4J
h_193.218.118.183_CVE-2021-44228,193.218.118.183,groupname,red,CVE-2021-44228_Log4J
h_193.189.100.203_CVE-2021-44228,193.189.100.203,groupname,red,CVE-2021-44228_Log4J
h_193.189.100.201_CVE-2021-44228,193.189.100.201,groupname,red,CVE-2021-44228_Log4J
h_193.189.100.195_CVE-2021-44228,193.189.100.195,groupname,red,CVE-2021-44228_Log4J
h_193.110.95.34_CVE-2021-44228,193.110.95.34,groupname,red,CVE-2021-44228_Log4J
h_193.31.24.154_CVE-2021-44228,193.31.24.154,groupname,red,CVE-2021-44228_Log4J
h_191.232.38.25_CVE-2021-44228,191.232.38.25,groupname,red,CVE-2021-44228_Log4J
h_188.166.223.38_CVE-2021-44228,188.166.223.38,groupname,red,CVE-2021-44228_Log4J
h_188.166.122.43_CVE-2021-44228,188.166.122.43,groupname,red,CVE-2021-44228_Log4J
h_188.166.92.228_CVE-2021-44228,188.166.92.228,groupname,red,CVE-2021-44228_Log4J
h_188.166.74.97_CVE-2021-44228,188.166.74.97,groupname,red,CVE-2021-44228_Log4J
h_188.166.48.55_CVE-2021-44228,188.166.48.55,groupname,red,CVE-2021-44228_Log4J
h_185.232.23.46_CVE-2021-44228,185.232.23.46,groupname,red,CVE-2021-44228_Log4J
h_185.220.103.119_CVE-2021-44228,185.220.103.119,groupname,red,CVE-2021-44228_Log4J
h_185.220.103.7_CVE-2021-44228,185.220.103.7,groupname,red,CVE-2021-44228_Log4J
h_185.220.103.4_CVE-2021-44228,185.220.103.4,groupname,red,CVE-2021-44228_Log4J
h_185.220.102.254_CVE-2021-44228,185.220.102.254,groupname,red,CVE-2021-44228_Log4J
h_185.220.102.253_CVE-2021-44228,185.220.102.253,groupname,red,CVE-2021-44228_Log4J
h_185.220.102.252_CVE-2021-44228,185.220.102.252,groupname,red,CVE-2021-44228_Log4J
h_185.220.102.249_CVE-2021-44228,185.220.102.249,groupname,red,CVE-2021-44228_Log4J
h_185.220.102.246_CVE-2021-44228,185.220.102.246,groupname,red,CVE-2021-44228_Log4J
h_185.220.102.242_CVE-2021-44228,185.220.102.242,groupname,red,CVE-2021-44228_Log4J
h_185.220.101.190_CVE-2021-44228,185.220.101.190,groupname,red,CVE-2021-44228_Log4J
h_185.220.101.189_CVE-2021-44228,185.220.101.189,groupname,red,CVE-2021-44228_Log4J
h_185.220.101.188_CVE-2021-44228,185.220.101.188,groupname,red,CVE-2021-44228_Log4J
h_185.220.101.187_CVE-2021-44228,185.220.101.187,groupname,red,CVE-2021-44228_Log4J
h_185.220.101.184_CVE-2021-44228,185.220.101.184,groupname,red,CVE-2021-44228_Log4J
h_185.220.101.183_CVE-2021-44228,185.220.101.183,groupname,red,CVE-2021-44228_Log4J
h_185.220.101.182_CVE-2021-44228,185.220.101.182,groupname,red,CVE-2021-44228_Log4J
h_185.220.101.181_CVE-2021-44228,185.220.101.181,groupname,red,CVE-2021-44228_Log4J
h_185.220.101.180_CVE-2021-44228,185.220.101.180,groupname,red,CVE-2021-44228_Log4J
h_185.220.101.179_CVE-2021-44228,185.220.101.179,groupname,red,CVE-2021-44228_Log4J
h_185.220.101.178_CVE-2021-44228,185.220.101.178,groupname,red,CVE-2021-44228_Log4J
h_185.220.101.177_CVE-2021-44228,185.220.101.177,groupname,red,CVE-2021-44228_Log4J
h_185.220.101.176_CVE-2021-44228,185.220.101.176,groupname,red,CVE-2021-44228_Log4J
h_185.220.101.175_CVE-2021-44228,185.220.101.175,groupname,red,CVE-2021-44228_Log4J
h_185.220.101.174_CVE-2021-44228,185.220.101.174,groupname,red,CVE-2021-44228_Log4J
h_185.220.101.173_CVE-2021-44228,185.220.101.173,groupname,red,CVE-2021-44228_Log4J
h_185.220.101.172_CVE-2021-44228,185.220.101.172,groupname,red,CVE-2021-44228_Log4J
h_185.220.101.171_CVE-2021-44228,185.220.101.171,groupname,red,CVE-2021-44228_Log4J
h_185.220.101.170_CVE-2021-44228,185.220.101.170,groupname,red,CVE-2021-44228_Log4J
h_185.220.101.167_CVE-2021-44228,185.220.101.167,groupname,red,CVE-2021-44228_Log4J
h_185.220.101.165_CVE-2021-44228,185.220.101.165,groupname,red,CVE-2021-44228_Log4J
h_185.220.101.164_CVE-2021-44228,185.220.101.164,groupname,red,CVE-2021-44228_Log4J
h_185.220.101.162_CVE-2021-44228,185.220.101.162,groupname,red,CVE-2021-44228_Log4J
h_185.220.101.161_CVE-2021-44228,185.220.101.161,groupname,red,CVE-2021-44228_Log4J
h_185.220.101.160_CVE-2021-44228,185.220.101.160,groupname,red,CVE-2021-44228_Log4J
h_185.220.101.159_CVE-2021-44228,185.220.101.159,groupname,red,CVE-2021-44228_Log4J
h_185.220.101.158_CVE-2021-44228,185.220.101.158,groupname,red,CVE-2021-44228_Log4J
h_185.220.101.157_CVE-2021-44228,185.220.101.157,groupname,red,CVE-2021-44228_Log4J
h_185.220.101.156_CVE-2021-44228,185.220.101.156,groupname,red,CVE-2021-44228_Log4J
h_185.220.101.155_CVE-2021-44228,185.220.101.155,groupname,red,CVE-2021-44228_Log4J
h_185.220.101.154_CVE-2021-44228,185.220.101.154,groupname,red,CVE-2021-44228_Log4J
h_185.220.101.153_CVE-2021-44228,185.220.101.153,groupname,red,CVE-2021-44228_Log4J
h_185.220.101.152_CVE-2021-44228,185.220.101.152,groupname,red,CVE-2021-44228_Log4J
h_185.220.101.151_CVE-2021-44228,185.220.101.151,groupname,red,CVE-2021-44228_Log4J
h_185.220.101.150_CVE-2021-44228,185.220.101.150,groupname,red,CVE-2021-44228_Log4J
h_185.220.101.149_CVE-2021-44228,185.220.101.149,groupname,red,CVE-2021-44228_Log4J
h_185.220.101.148_CVE-2021-44228,185.220.101.148,groupname,red,CVE-2021-44228_Log4J
h_185.220.101.147_CVE-2021-44228,185.220.101.147,groupname,red,CVE-2021-44228_Log4J
h_185.220.101.145_CVE-2021-44228,185.220.101.145,groupname,red,CVE-2021-44228_Log4J
h_120.24.23.84_CVE-2021-44228,120.24.23.84,groupname,red,CVE-2021-44228_Log4J
h_118.27.36.56_CVE-2021-44228,118.27.36.56,groupname,red,CVE-2021-44228_Log4J
h_185.220.101.144_CVE-2021-44228,185.220.101.144,groupname,red,CVE-2021-44228_Log4J
h_185.220.101.143_CVE-2021-44228,185.220.101.143,groupname,red,CVE-2021-44228_Log4J
h_185.220.101.142_CVE-2021-44228,185.220.101.142,groupname,red,CVE-2021-44228_Log4J
h_185.220.101.141_CVE-2021-44228,185.220.101.141,groupname,red,CVE-2021-44228_Log4J
h_185.220.101.140_CVE-2021-44228,185.220.101.140,groupname,red,CVE-2021-44228_Log4J
h_185.220.101.139_CVE-2021-44228,185.220.101.139,groupname,red,CVE-2021-44228_Log4J
h_185.220.101.138_CVE-2021-44228,185.220.101.138,groupname,red,CVE-2021-44228_Log4J
h_185.220.101.135_CVE-2021-44228,185.220.101.135,groupname,red,CVE-2021-44228_Log4J
h_185.220.101.134_CVE-2021-44228,185.220.101.134,groupname,red,CVE-2021-44228_Log4J
h_185.220.101.133_CVE-2021-44228,185.220.101.133,groupname,red,CVE-2021-44228_Log4J
h_185.220.101.132_CVE-2021-44228,185.220.101.132,groupname,red,CVE-2021-44228_Log4J
h_185.220.101.131_CVE-2021-44228,185.220.101.131,groupname,red,CVE-2021-44228_Log4J
h_185.220.101.129_CVE-2021-44228,185.220.101.129,groupname,red,CVE-2021-44228_Log4J
h_185.220.101.63_CVE-2021-44228,185.220.101.63,groupname,red,CVE-2021-44228_Log4J
h_185.220.101.62_CVE-2021-44228,185.220.101.62,groupname,red,CVE-2021-44228_Log4J
h_185.220.101.61_CVE-2021-44228,185.220.101.61,groupname,red,CVE-2021-44228_Log4J
h_185.220.101.60_CVE-2021-44228,185.220.101.60,groupname,red,CVE-2021-44228_Log4J
h_185.220.101.58_CVE-2021-44228,185.220.101.58,groupname,red,CVE-2021-44228_Log4J
h_51.77.52.216_CVE-2021-44228,51.77.52.216,groupname,red,CVE-2021-44228_Log4J
h_51.15.76.60_CVE-2021-44228,51.15.76.60,groupname,red,CVE-2021-44228_Log4J
h_46.105.95.220_CVE-2021-44228,46.105.95.220,groupname,red,CVE-2021-44228_Log4J
h_45.155.205.233_CVE-2021-44228,45.155.205.233,groupname,red,CVE-2021-44228_Log4J
h_45.154.255.147_CVE-2021-44228,45.154.255.147,groupname,red,CVE-2021-44228_Log4J
h_45.153.160.138_CVE-2021-44228,45.153.160.138,groupname,red,CVE-2021-44228_Log4J
h_45.153.160.136_CVE-2021-44228,45.153.160.136,groupname,red,CVE-2021-44228_Log4J
h_45.153.160.135_CVE-2021-44228,45.153.160.135,groupname,red,CVE-2021-44228_Log4J
h_45.153.160.131_CVE-2021-44228,45.153.160.131,groupname,red,CVE-2021-44228_Log4J
h_45.153.160.130_CVE-2021-44228,45.153.160.130,groupname,red,CVE-2021-44228_Log4J
h_45.137.21.9_CVE-2021-44228,45.137.21.9,groupname,red,CVE-2021-44228_Log4J
h_45.33.120.240_CVE-2021-44228,45.33.120.240,groupname,red,CVE-2021-44228_Log4J
h_45.13.104.179_CVE-2021-44228,45.13.104.179,groupname,red,CVE-2021-44228_Log4J
h_45.12.134.108_CVE-2021-44228,45.12.134.108,groupname,red,CVE-2021-44228_Log4J
h_37.123.163.58_CVE-2021-44228,37.123.163.58,groupname,red,CVE-2021-44228_Log4J
h_37.19.212.104_CVE-2021-44228,37.19.212.104,groupname,red,CVE-2021-44228_Log4J
h_35.170.71.122_CVE-2021-44228,35.170.71.122,groupname,red,CVE-2021-44228_Log4J
h_34.247.50.189_CVE-2021-44228,34.247.50.189,groupname,red,CVE-2021-44228_Log4J
h_23.154.177.7_CVE-2021-44228,23.154.177.7,groupname,red,CVE-2021-44228_Log4J
h_23.129.64.139_CVE-2021-44228,23.129.64.139,groupname,red,CVE-2021-44228_Log4J
h_23.129.64.135_CVE-2021-44228,23.129.64.135,groupname,red,CVE-2021-44228_Log4J
h_20.205.104.227_CVE-2021-44228,20.205.104.227,groupname,red,CVE-2021-44228_Log4J
h_20.71.156.146_CVE-2021-44228,20.71.156.146,groupname,red,CVE-2021-44228_Log4J
h_18.27.197.252_CVE-2021-44228,18.27.197.252,groupname,red,CVE-2021-44228_Log4J
h_5.157.38.50_CVE-2021-44228,5.157.38.50,groupname,red,CVE-2021-44228_Log4J
h_1.116.59.211_CVE-2021-44228,1.116.59.211,groupname,red,CVE-2021-44228_Log4J
h_1.209.249.188_CVE-2021-44228,1.209.249.188,groupname,red,CVE-2021-44228_Log4J
h_1.14.17.89_CVE-2021-44228,1.14.17.89,groupname,red,CVE-2021-44228_Log4J
h_185.220.101.169_CVE-2021-44228,185.220.101.169,groupname,red,CVE-2021-44228_Log4J
h_185.4.132.183_CVE-2021-44228,185.4.132.183,groupname,red,CVE-2021-44228_Log4J
h_5.101.145.43_CVE-2021-44228,5.101.145.43,groupname,red,CVE-2021-44228_Log4J
h_5.101.145.41_CVE-2021-44228,5.101.145.41,groupname,red,CVE-2021-44228_Log4J
h_5.2.69.50_CVE-2021-44228,5.2.69.50,groupname,red,CVE-2021-44228_Log4J
h_1.179.247.182_CVE-2021-44228,1.179.247.182,groupname,red,CVE-2021-44228_Log4J
h_221.199.187.100_CVE-2021-44228,221.199.187.100,groupname,red,CVE-2021-44228_Log4J
h_213.202.216.189_CVE-2021-44228,213.202.216.189,groupname,red,CVE-2021-44228_Log4J
h_212.193.57.225_CVE-2021-44228,212.193.57.225,groupname,red,CVE-2021-44228_Log4J
h_212.193.30.142_CVE-2021-44228,212.193.30.142,groupname,red,CVE-2021-44228_Log4J
h_212.192.246.95_CVE-2021-44228,212.192.246.95,groupname,red,CVE-2021-44228_Log4J
h_211.154.194.21_CVE-2021-44228,211.154.194.21,groupname,red,CVE-2021-44228_Log4J
h_209.141.45.227_CVE-2021-44228,209.141.45.227,groupname,red,CVE-2021-44228_Log4J
h_209.141.45.189_CVE-2021-44228,209.141.45.189,groupname,red,CVE-2021-44228_Log4J
h_209.141.41.103_CVE-2021-44228,209.141.41.103,groupname,red,CVE-2021-44228_Log4J
h_209.127.17.242_CVE-2021-44228,209.127.17.242,groupname,red,CVE-2021-44228_Log4J
h_179.43.187.138_CVE-2021-44228,179.43.187.138,groupname,red,CVE-2021-44228_Log4J
h_142.93.151.166_CVE-2021-44228,142.93.151.166,groupname,red,CVE-2021-44228_Log4J
h_107.189.31.241_CVE-2021-44228,107.189.31.241,groupname,red,CVE-2021-44228_Log4J
h_107.189.29.41_CVE-2021-44228,107.189.29.41,groupname,red,CVE-2021-44228_Log4J
h_104.244.77.235_CVE-2021-44228,104.244.77.235,groupname,red,CVE-2021-44228_Log4J
h_54.173.99.121_CVE-2021-44228,54.173.99.121,groupname,red,CVE-2021-44228_Log4J
h_51.15.43.205_CVE-2021-44228,51.15.43.205,groupname,red,CVE-2021-44228_Log4J
h_45.153.160.134_CVE-2021-44228,45.153.160.134,groupname,red,CVE-2021-44228_Log4J
h_45.153.160.2_CVE-2021-44228,45.153.160.2,groupname,red,CVE-2021-44228_Log4J
h_5.182.210.216_CVE-2021-44228,5.182.210.216,groupname,red,CVE-2021-44228_Log4J
h_185.220.102.241_CVE-2021-44228,185.220.102.241,groupname,red,CVE-2021-44228_Log4J
h_185.220.102.7_CVE-2021-44228,185.220.102.7,groupname,red,CVE-2021-44228_Log4J
h_185.107.70.56_CVE-2021-44228,185.107.70.56,groupname,red,CVE-2021-44228_Log4J
h_185.100.86.128_CVE-2021-44228,185.100.86.128,groupname,red,CVE-2021-44228_Log4J
h_185.38.175.131_CVE-2021-44228,185.38.175.131,groupname,red,CVE-2021-44228_Log4J
h_185.38.175.130_CVE-2021-44228,185.38.175.130,groupname,red,CVE-2021-44228_Log4J
h_185.14.97.147_CVE-2021-44228,185.14.97.147,groupname,red,CVE-2021-44228_Log4J
h_185.10.68.168_CVE-2021-44228,185.10.68.168,groupname,red,CVE-2021-44228_Log4J
h_185.220.101.57_CVE-2021-44228,185.220.101.57,groupname,red,CVE-2021-44228_Log4J
h_185.220.101.56_CVE-2021-44228,185.220.101.56,groupname,red,CVE-2021-44228_Log4J
h_185.220.101.55_CVE-2021-44228,185.220.101.55,groupname,red,CVE-2021-44228_Log4J
h_185.220.101.54_CVE-2021-44228,185.220.101.54,groupname,red,CVE-2021-44228_Log4J
h_185.220.101.53_CVE-2021-44228,185.220.101.53,groupname,red,CVE-2021-44228_Log4J
h_185.220.101.52_CVE-2021-44228,185.220.101.52,groupname,red,CVE-2021-44228_Log4J
h_185.220.101.51_CVE-2021-44228,185.220.101.51,groupname,red,CVE-2021-44228_Log4J
h_185.220.101.50_CVE-2021-44228,185.220.101.50,groupname,red,CVE-2021-44228_Log4J
h_185.220.101.49_CVE-2021-44228,185.220.101.49,groupname,red,CVE-2021-44228_Log4J
h_185.220.101.48_CVE-2021-44228,185.220.101.48,groupname,red,CVE-2021-44228_Log4J
h_185.220.101.46_CVE-2021-44228,185.220.101.46,groupname,red,CVE-2021-44228_Log4J
h_185.220.101.45_CVE-2021-44228,185.220.101.45,groupname,red,CVE-2021-44228_Log4J
h_185.220.101.44_CVE-2021-44228,185.220.101.44,groupname,red,CVE-2021-44228_Log4J
h_185.220.101.43_CVE-2021-44228,185.220.101.43,groupname,red,CVE-2021-44228_Log4J
h_185.220.101.42_CVE-2021-44228,185.220.101.42,groupname,red,CVE-2021-44228_Log4J
h_185.220.101.41_CVE-2021-44228,185.220.101.41,groupname,red,CVE-2021-44228_Log4J
h_185.220.101.39_CVE-2021-44228,185.220.101.39,groupname,red,CVE-2021-44228_Log4J
h_185.220.101.38_CVE-2021-44228,185.220.101.38,groupname,red,CVE-2021-44228_Log4J
h_185.220.101.37_CVE-2021-44228,185.220.101.37,groupname,red,CVE-2021-44228_Log4J
h_185.220.101.36_CVE-2021-44228,185.220.101.36,groupname,red,CVE-2021-44228_Log4J
h_185.220.101.35_CVE-2021-44228,185.220.101.35,groupname,red,CVE-2021-44228_Log4J
h_185.220.101.34_CVE-2021-44228,185.220.101.34,groupname,red,CVE-2021-44228_Log4J
h_185.220.101.33_CVE-2021-44228,185.220.101.33,groupname,red,CVE-2021-44228_Log4J
h_185.220.101.32_CVE-2021-44228,185.220.101.32,groupname,red,CVE-2021-44228_Log4J
h_185.220.100.255_CVE-2021-44228,185.220.100.255,groupname,red,CVE-2021-44228_Log4J
h_185.220.100.253_CVE-2021-44228,185.220.100.253,groupname,red,CVE-2021-44228_Log4J
h_185.220.100.251_CVE-2021-44228,185.220.100.251,groupname,red,CVE-2021-44228_Log4J
h_185.220.100.250_CVE-2021-44228,185.220.100.250,groupname,red,CVE-2021-44228_Log4J
h_185.220.100.249_CVE-2021-44228,185.220.100.249,groupname,red,CVE-2021-44228_Log4J
h_185.220.100.248_CVE-2021-44228,185.220.100.248,groupname,red,CVE-2021-44228_Log4J
h_185.220.100.247_CVE-2021-44228,185.220.100.247,groupname,red,CVE-2021-44228_Log4J
h_185.220.100.246_CVE-2021-44228,185.220.100.246,groupname,red,CVE-2021-44228_Log4J
h_185.220.100.245_CVE-2021-44228,185.220.100.245,groupname,red,CVE-2021-44228_Log4J
h_185.220.100.244_CVE-2021-44228,185.220.100.244,groupname,red,CVE-2021-44228_Log4J
h_185.220.100.243_CVE-2021-44228,185.220.100.243,groupname,red,CVE-2021-44228_Log4J
h_185.220.100.242_CVE-2021-44228,185.220.100.242,groupname,red,CVE-2021-44228_Log4J
h_185.220.100.241_CVE-2021-44228,185.220.100.241,groupname,red,CVE-2021-44228_Log4J
h_185.220.100.240_CVE-2021-44228,185.220.100.240,groupname,red,CVE-2021-44228_Log4J
h_185.165.168.77_CVE-2021-44228,185.165.168.77,groupname,red,CVE-2021-44228_Log4J
h_171.25.193.78_CVE-2021-44228,171.25.193.78,groupname,red,CVE-2021-44228_Log4J
h_171.25.193.77_CVE-2021-44228,171.25.193.77,groupname,red,CVE-2021-44228_Log4J
h_171.25.193.25_CVE-2021-44228,171.25.193.25,groupname,red,CVE-2021-44228_Log4J
h_171.25.193.20_CVE-2021-44228,171.25.193.20,groupname,red,CVE-2021-44228_Log4J
h_170.210.45.163_CVE-2021-44228,170.210.45.163,groupname,red,CVE-2021-44228_Log4J
h_167.99.172.213_CVE-2021-44228,167.99.172.213,groupname,red,CVE-2021-44228_Log4J
h_167.99.172.58_CVE-2021-44228,167.99.172.58,groupname,red,CVE-2021-44228_Log4J
h_167.99.164.201_CVE-2021-44228,167.99.164.201,groupname,red,CVE-2021-44228_Log4J
h_167.99.164.160_CVE-2021-44228,167.99.164.160,groupname,red,CVE-2021-44228_Log4J
h_167.71.13.196_CVE-2021-44228,167.71.13.196,groupname,red,CVE-2021-44228_Log4J
h_164.90.199.216_CVE-2021-44228,164.90.199.216,groupname,red,CVE-2021-44228_Log4J
h_162.247.74.202_CVE-2021-44228,162.247.74.202,groupname,red,CVE-2021-44228_Log4J
h_161.35.119.60_CVE-2021-44228,161.35.119.60,groupname,red,CVE-2021-44228_Log4J
h_159.223.9.17_CVE-2021-44228,159.223.9.17,groupname,red,CVE-2021-44228_Log4J
h_159.89.180.119_CVE-2021-44228,159.89.180.119,groupname,red,CVE-2021-44228_Log4J
h_159.89.113.255_CVE-2021-44228,159.89.113.255,groupname,red,CVE-2021-44228_Log4J
h_159.65.194.103_CVE-2021-44228,159.65.194.103,groupname,red,CVE-2021-44228_Log4J
h_159.65.175.123_CVE-2021-44228,159.65.175.123,groupname,red,CVE-2021-44228_Log4J
h_159.65.155.208_CVE-2021-44228,159.65.155.208,groupname,red,CVE-2021-44228_Log4J
h_159.65.146.60_CVE-2021-44228,159.65.146.60,groupname,red,CVE-2021-44228_Log4J
h_159.65.58.66_CVE-2021-44228,159.65.58.66,groupname,red,CVE-2021-44228_Log4J
h_159.65.3.102_CVE-2021-44228,159.65.3.102,groupname,red,CVE-2021-44228_Log4J
h_157.245.109.75_CVE-2021-44228,157.245.109.75,groupname,red,CVE-2021-44228_Log4J
h_157.230.32.67_CVE-2021-44228,157.230.32.67,groupname,red,CVE-2021-44228_Log4J
h_151.115.60.113_CVE-2021-44228,151.115.60.113,groupname,red,CVE-2021-44228_Log4J
h_151.80.148.159_CVE-2021-44228,151.80.148.159,groupname,red,CVE-2021-44228_Log4J
h_150.158.189.96_CVE-2021-44228,150.158.189.96,groupname,red,CVE-2021-44228_Log4J
h_147.182.219.9_CVE-2021-44228,147.182.219.9,groupname,red,CVE-2021-44228_Log4J
h_147.182.213.12_CVE-2021-44228,147.182.213.12,groupname,red,CVE-2021-44228_Log4J
h_147.182.199.94_CVE-2021-44228,147.182.199.94,groupname,red,CVE-2021-44228_Log4J
h_147.182.169.254_CVE-2021-44228,147.182.169.254,groupname,red,CVE-2021-44228_Log4J
h_147.182.167.165_CVE-2021-44228,147.182.167.165,groupname,red,CVE-2021-44228_Log4J
h_147.182.154.100_CVE-2021-44228,147.182.154.100,groupname,red,CVE-2021-44228_Log4J
h_147.182.150.124_CVE-2021-44228,147.182.150.124,groupname,red,CVE-2021-44228_Log4J
h_147.182.131.229_CVE-2021-44228,147.182.131.229,groupname,red,CVE-2021-44228_Log4J
h_146.56.131.161_CVE-2021-44228,146.56.131.161,groupname,red,CVE-2021-44228_Log4J
h_145.220.24.19_CVE-2021-44228,145.220.24.19,groupname,red,CVE-2021-44228_Log4J
h_143.198.45.117_CVE-2021-44228,143.198.45.117,groupname,red,CVE-2021-44228_Log4J
h_143.198.32.72_CVE-2021-44228,143.198.32.72,groupname,red,CVE-2021-44228_Log4J
h_143.110.221.204_CVE-2021-44228,143.110.221.204,groupname,red,CVE-2021-44228_Log4J
h_142.93.36.237_CVE-2021-44228,142.93.36.237,groupname,red,CVE-2021-44228_Log4J
h_142.93.34.250_CVE-2021-44228,142.93.34.250,groupname,red,CVE-2021-44228_Log4J
h_140.246.171.141_CVE-2021-44228,140.246.171.141,groupname,red,CVE-2021-44228_Log4J
h_139.59.8.39_CVE-2021-44228,139.59.8.39,groupname,red,CVE-2021-44228_Log4J
h_137.184.111.180_CVE-2021-44228,137.184.111.180,groupname,red,CVE-2021-44228_Log4J
h_137.184.106.119_CVE-2021-44228,137.184.106.119,groupname,red,CVE-2021-44228_Log4J
h_137.184.104.73_CVE-2021-44228,137.184.104.73,groupname,red,CVE-2021-44228_Log4J
h_137.184.102.82_CVE-2021-44228,137.184.102.82,groupname,red,CVE-2021-44228_Log4J
h_137.184.99.8_CVE-2021-44228,137.184.99.8,groupname,red,CVE-2021-44228_Log4J
h_137.184.98.176_CVE-2021-44228,137.184.98.176,groupname,red,CVE-2021-44228_Log4J
h_137.184.96.216_CVE-2021-44228,137.184.96.216,groupname,red,CVE-2021-44228_Log4J
h_137.184.28.58_CVE-2021-44228,137.184.28.58,groupname,red,CVE-2021-44228_Log4J
h_135.148.43.32_CVE-2021-44228,135.148.43.32,groupname,red,CVE-2021-44228_Log4J
h_134.122.34.28_CVE-2021-44228,134.122.34.28,groupname,red,CVE-2021-44228_Log4J
h_134.56.204.191_CVE-2021-44228,134.56.204.191,groupname,red,CVE-2021-44228_Log4J
h_133.18.201.195_CVE-2021-44228,133.18.201.195,groupname,red,CVE-2021-44228_Log4J
h_122.161.53.44_CVE-2021-44228,122.161.53.44,groupname,red,CVE-2021-44228_Log4J
h_122.161.50.23_CVE-2021-44228,122.161.50.23,groupname,red,CVE-2021-44228_Log4J
h_121.5.219.20_CVE-2021-44228,121.5.219.20,groupname,red,CVE-2021-44228_Log4J
h_121.4.56.143_CVE-2021-44228,121.4.56.143,groupname,red,CVE-2021-44228_Log4J
h_116.24.67.213_CVE-2021-44228,116.24.67.213,groupname,red,CVE-2021-44228_Log4J
h_109.237.96.124_CVE-2021-44228,109.237.96.124,groupname,red,CVE-2021-44228_Log4J
h_109.70.100.36_CVE-2021-44228,109.70.100.36,groupname,red,CVE-2021-44228_Log4J
h_109.70.100.34_CVE-2021-44228,109.70.100.34,groupname,red,CVE-2021-44228_Log4J
h_109.70.100.28_CVE-2021-44228,109.70.100.28,groupname,red,CVE-2021-44228_Log4J
h_109.70.100.27_CVE-2021-44228,109.70.100.27,groupname,red,CVE-2021-44228_Log4J
h_107.189.29.107_CVE-2021-44228,107.189.29.107,groupname,red,CVE-2021-44228_Log4J
h_107.189.14.182_CVE-2021-44228,107.189.14.182,groupname,red,CVE-2021-44228_Log4J
h_107.189.14.98_CVE-2021-44228,107.189.14.98,groupname,red,CVE-2021-44228_Log4J
h_107.189.14.76_CVE-2021-44228,107.189.14.76,groupname,red,CVE-2021-44228_Log4J
h_107.189.12.135_CVE-2021-44228,107.189.12.135,groupname,red,CVE-2021-44228_Log4J
h_107.189.11.153_CVE-2021-44228,107.189.11.153,groupname,red,CVE-2021-44228_Log4J
h_107.189.10.137_CVE-2021-44228,107.189.10.137,groupname,red,CVE-2021-44228_Log4J
h_107.189.8.65_CVE-2021-44228,107.189.8.65,groupname,red,CVE-2021-44228_Log4J
h_107.189.1.178_CVE-2021-44228,107.189.1.178,groupname,red,CVE-2021-44228_Log4J
h_107.189.1.160_CVE-2021-44228,107.189.1.160,groupname,red,CVE-2021-44228_Log4J
h_104.244.79.6_CVE-2021-44228,104.244.79.6,groupname,red,CVE-2021-44228_Log4J
h_104.244.78.213_CVE-2021-44228,104.244.78.213,groupname,red,CVE-2021-44228_Log4J
h_104.244.76.173_CVE-2021-44228,104.244.76.173,groupname,red,CVE-2021-44228_Log4J
h_104.244.76.170_CVE-2021-44228,104.244.76.170,groupname,red,CVE-2021-44228_Log4J
h_104.244.76.13_CVE-2021-44228,104.244.76.13,groupname,red,CVE-2021-44228_Log4J
h_104.244.75.74_CVE-2021-44228,104.244.75.74,groupname,red,CVE-2021-44228_Log4J
h_104.244.74.211_CVE-2021-44228,104.244.74.211,groupname,red,CVE-2021-44228_Log4J
h_104.244.74.57_CVE-2021-44228,104.244.74.57,groupname,red,CVE-2021-44228_Log4J
h_104.244.73.43_CVE-2021-44228,104.244.73.43,groupname,red,CVE-2021-44228_Log4J
h_104.244.72.129_CVE-2021-44228,104.244.72.129,groupname,red,CVE-2021-44228_Log4J
h_104.244.72.115_CVE-2021-44228,104.244.72.115,groupname,red,CVE-2021-44228_Log4J
h_104.244.72.7_CVE-2021-44228,104.244.72.7,groupname,red,CVE-2021-44228_Log4J
h_103.214.5.13_CVE-2021-44228,103.214.5.13,groupname,red,CVE-2021-44228_Log4J
h_103.103.0.142_CVE-2021-44228,103.103.0.142,groupname,red,CVE-2021-44228_Log4J
h_103.103.0.141_CVE-2021-44228,103.103.0.141,groupname,red,CVE-2021-44228_Log4J
h_103.90.239.209_CVE-2021-44228,103.90.239.209,groupname,red,CVE-2021-44228_Log4J
h_101.35.154.34_CVE-2021-44228,101.35.154.34,groupname,red,CVE-2021-44228_Log4J
h_94.230.208.147_CVE-2021-44228,94.230.208.147,groupname,red,CVE-2021-44228_Log4J
h_94.142.241.194_CVE-2021-44228,94.142.241.194,groupname,red,CVE-2021-44228_Log4J
h_91.245.81.65_CVE-2021-44228,91.245.81.65,groupname,red,CVE-2021-44228_Log4J
h_91.219.237.21_CVE-2021-44228,91.219.237.21,groupname,red,CVE-2021-44228_Log4J
h_91.203.5.146_CVE-2021-44228,91.203.5.146,groupname,red,CVE-2021-44228_Log4J
h_89.249.63.3_CVE-2021-44228,89.249.63.3,groupname,red,CVE-2021-44228_Log4J
h_89.163.252.230_CVE-2021-44228,89.163.252.230,groupname,red,CVE-2021-44228_Log4J
h_89.163.154.91_CVE-2021-44228,89.163.154.91,groupname,red,CVE-2021-44228_Log4J
h_88.80.20.86_CVE-2021-44228,88.80.20.86,groupname,red,CVE-2021-44228_Log4J
h_82.221.131.71_CVE-2021-44228,82.221.131.71,groupname,red,CVE-2021-44228_Log4J
h_81.17.18.62_CVE-2021-44228,81.17.18.62,groupname,red,CVE-2021-44228_Log4J
h_81.17.18.61_CVE-2021-44228,81.17.18.61,groupname,red,CVE-2021-44228_Log4J
h_81.17.18.60_CVE-2021-44228,81.17.18.60,groupname,red,CVE-2021-44228_Log4J
h_68.183.198.247_CVE-2021-44228,68.183.198.247,groupname,red,CVE-2021-44228_Log4J
h_68.183.44.143_CVE-2021-44228,68.183.44.143,groupname,red,CVE-2021-44228_Log4J
h_68.79.17.59_CVE-2021-44228,68.79.17.59,groupname,red,CVE-2021-44228_Log4J
h_66.220.242.222_CVE-2021-44228,66.220.242.222,groupname,red,CVE-2021-44228_Log4J
h_64.113.32.29_CVE-2021-44228,64.113.32.29,groupname,red,CVE-2021-44228_Log4J
h_62.171.142.3_CVE-2021-44228,62.171.142.3,groupname,red,CVE-2021-44228_Log4J
h_62.102.148.68_CVE-2021-44228,62.102.148.68,groupname,red,CVE-2021-44228_Log4J
h_62.76.41.46_CVE-2021-44228,62.76.41.46,groupname,red,CVE-2021-44228_Log4J
h_61.19.25.207_CVE-2021-44228,61.19.25.207,groupname,red,CVE-2021-44228_Log4J
h_60.31.180.149_CVE-2021-44228,60.31.180.149,groupname,red,CVE-2021-44228_Log4J
h_45.153.160.133_CVE-2021-44228,45.153.160.133,groupname,red,CVE-2021-44228_Log4J
h_23.154.177.2_CVE-2021-44228,23.154.177.2,groupname,red,CVE-2021-44228_Log4J
h_23.129.64.145_CVE-2021-44228,23.129.64.145,groupname,red,CVE-2021-44228_Log4J
h_23.120.182.121_CVE-2021-44228,23.120.182.121,groupname,red,CVE-2021-44228_Log4J
h_5.199.143.202_CVE-2021-44228,5.199.143.202,groupname,red,CVE-2021-44228_Log4J
h_185.220.101.191_CVE-2021-44228,185.220.101.191,groupname,red,CVE-2021-44228_Log4J
h_185.220.101.186_CVE-2021-44228,185.220.101.186,groupname,red,CVE-2021-44228_Log4J
h_185.220.101.185_CVE-2021-44228,185.220.101.185,groupname,red,CVE-2021-44228_Log4J
h_185.220.101.168_CVE-2021-44228,185.220.101.168,groupname,red,CVE-2021-44228_Log4J
h_185.220.101.163_CVE-2021-44228,185.220.101.163,groupname,red,CVE-2021-44228_Log4J
h_185.130.44.108_CVE-2021-44228,185.130.44.108,groupname,red,CVE-2021-44228_Log4J
h_185.129.61.4_CVE-2021-44228,185.129.61.4,groupname,red,CVE-2021-44228_Log4J
h_185.129.61.1_CVE-2021-44228,185.129.61.1,groupname,red,CVE-2021-44228_Log4J
h_185.107.47.215_CVE-2021-44228,185.107.47.215,groupname,red,CVE-2021-44228_Log4J
h_185.107.47.171_CVE-2021-44228,185.107.47.171,groupname,red,CVE-2021-44228_Log4J
h_185.100.87.202_CVE-2021-44228,185.100.87.202,groupname,red,CVE-2021-44228_Log4J
h_185.100.87.41_CVE-2021-44228,185.100.87.41,groupname,red,CVE-2021-44228_Log4J
h_185.83.214.69_CVE-2021-44228,185.83.214.69,groupname,red,CVE-2021-44228_Log4J
h_185.56.80.65_CVE-2021-44228,185.56.80.65,groupname,red,CVE-2021-44228_Log4J
h_185.38.175.132_CVE-2021-44228,185.38.175.132,groupname,red,CVE-2021-44228_Log4J
h_181.214.39.2_CVE-2021-44228,181.214.39.2,groupname,red,CVE-2021-44228_Log4J
h_178.176.203.190_CVE-2021-44228,178.176.203.190,groupname,red,CVE-2021-44228_Log4J
h_178.176.202.121_CVE-2021-44228,178.176.202.121,groupname,red,CVE-2021-44228_Log4J
h_178.62.79.49_CVE-2021-44228,178.62.79.49,groupname,red,CVE-2021-44228_Log4J
h_178.20.55.16_CVE-2021-44228,178.20.55.16,groupname,red,CVE-2021-44228_Log4J
h_178.17.171.150_CVE-2021-44228,178.17.171.150,groupname,red,CVE-2021-44228_Log4J
h_178.17.171.102_CVE-2021-44228,178.17.171.102,groupname,red,CVE-2021-44228_Log4J
h_176.10.104.240_CVE-2021-44228,176.10.104.240,groupname,red,CVE-2021-44228_Log4J
h_176.10.99.200_CVE-2021-44228,176.10.99.200,groupname,red,CVE-2021-44228_Log4J
h_175.6.210.66_CVE-2021-44228,175.6.210.66,groupname,red,CVE-2021-44228_Log4J
h_172.106.17.218_CVE-2021-44228,172.106.17.218,groupname,red,CVE-2021-44228_Log4J
h_138.68.167.19_CVE-2021-44228,138.68.167.19,groupname,red,CVE-2021-44228_Log4J
h_62.102.148.69_CVE-2021-44228,62.102.148.69,groupname,red,CVE-2021-44228_Log4J
h_46.166.139.111_CVE-2021-44228,46.166.139.111,groupname,red,CVE-2021-44228_Log4J
h_23.129.64.141_CVE-2021-44228,23.129.64.141,groupname,red,CVE-2021-44228_Log4J
h_109.70.100.26_CVE-2021-44228,109.70.100.26,groupname,red,CVE-2021-44228_Log4J
h_185.220.102.8_CVE-2021-44228,185.220.102.8,groupname,red,CVE-2021-44228_Log4J
h_185.220.100.254_CVE-2021-44228,185.220.100.254,groupname,red,CVE-2021-44228_Log4J
h_185.220.100.252_CVE-2021-44228,185.220.100.252,groupname,red,CVE-2021-44228_Log4J
h_72.223.168.73_CVE-2021-44228,72.223.168.73,groupname,red,CVE-2021-44228_Log4J
h_51.255.106.85_CVE-2021-44228,51.255.106.85,groupname,red,CVE-2021-44228_Log4J
h_46.182.21.248_CVE-2021-44228,46.182.21.248,groupname,red,CVE-2021-44228_Log4J
h_23.129.64.148_CVE-2021-44228,23.129.64.148,groupname,red,CVE-2021-44228_Log4J
h_23.129.64.146_CVE-2021-44228,23.129.64.146,groupname,red,CVE-2021-44228_Log4J
h_23.129.64.131_CVE-2021-44228,23.129.64.131,groupname,red,CVE-2021-44228_Log4J
